Workbook

Sheet Model dimensions
A1: Model dimensions
A3: Quantity | B3: Value | C3: Unit
A4: Beam (chine) | B4: 400 | C4: mm
A5: Planing length | B5: 1600 | C5: mm
A6: Deadrise angle | B6: 18 | C6: deg
A7: Displacement weight | B7: 264.87 | C7: N
A8: Displacement mass | B8: 27 | C8: kg
A9: LCG from transom (resistance and wetted-area tests) | B9: 560 | C9: mm
A10: VCG above keel | B10: 92 | C10: mm
A11: Tow-rod (thrust line) height above keel | B11: 161.6 | C11: mm
A12: Thrust-line offset from CG (negative = above CG) | B12: -69.6 | C12: mm
A13: Thrust inclination to keel | B13: 0 | C13: deg

Sheet Resistance tests
A1: Drag and trim, LCG 560 mm from transom: resistance tests (clean hull, water temperature 16.8 °C)
A3: Run | B3: Mean speed (m/s) | C3: Volumetric Froude number | D3: Drag (N) | E3: Running trim (deg)
A4: 1 | B4: 0.38995376 | C4: =B4/SQRT(9.81*($B$20/($B$21*9.81))^(1/3)) -> 0.2272647 | D4: 0.77439164 | E4: 3.2532034
A5: 2 | B5: 0.90446909 | C5: =B5/SQRT(9.81*($B$20/($B$21*9.81))^(1/3)) -> 0.52712376 | D5: 5.4316101 | E5: 3.4326683
A6: 3 | B6: 1.4214802 | C6: =B6/SQRT(9.81*($B$20/($B$21*9.81))^(1/3)) -> 0.82843735 | D6: 15.961756 | E6: 3.9575964
A7: 4 | B7: 1.9373866 | C7: =B7/SQRT(9.81*($B$20/($B$21*9.81))^(1/3)) -> 1.1291071 | D7: 31.118066 | E7: 5.6985604
A8: 5 | B8: 2.4539396 | C8: =B8/SQRT(9.81*($B$20/($B$21*9.81))^(1/3)) -> 1.4301538 | D8: 37.853976 | E8: 6.4532087
A9: 6 | B9: 2.9652494 | C9: =B9/SQRT(9.81*($B$20/($B$21*9.81))^(1/3)) -> 1.7281447 | D9: 41.394955 | E9: 6.7843895
A10: 7 | B10: 3.4831547 | C10: =B10/SQRT(9.81*($B$20/($B$21*9.81))^(1/3)) -> 2.0299794 | D10: 45.951261 | E10: 7.2633528
A11: 8 | B11: 3.999443 | C11: =B11/SQRT(9.81*($B$20/($B$21*9.81))^(1/3)) -> 2.3308717 | D11: 47.712061 | E11: 7.4695273
A12: 9 | B12: 4.5119189 | C12: =B12/SQRT(9.81*($B$20/($B$21*9.81))^(1/3)) -> 2.6295422 | D12: 47.786998 | E12: 7.0555025
A13: 10 | B13: 5.0240338 | C13: =B13/SQRT(9.81*($B$20/($B$21*9.81))^(1/3)) -> 2.9280023 | D13: 48.207188 | E13: 6.501091
A14: 11 | B14: 5.5409064 | C14: =B14/SQRT(9.81*($B$20/($B$21*9.81))^(1/3)) -> 3.2292352 | D14: 48.69796 | E14: 5.9527809
A15: 12 | B15: 6.057018 | C15: =B15/SQRT(9.81*($B$20/($B$21*9.81))^(1/3)) -> 3.5300246 | D15: 49.991524 | E15: 5.4729703
A16: 13 | B16: 6.5690862 | C16: =B16/SQRT(9.81*($B$20/($B$21*9.81))^(1/3)) -> 3.8284574 | D16: 51.379609 | E16: 5.0206889
A19: Values used
A20: Displacement weight (N) | B20: 264.87
A21: Water density at 16.8 °C (kg/m³) | B21: 998.8125 | C21: ITTC 7.5-02-01-03 (2011)
A22: Static floating trim (deg) | B22: 3.2

Sheet Wetted area tests
A1: Wetted area, LCG 560 mm from transom (water temperature 19 °C), with drag and trim from the resistance tests (16.8 °C) at the same speed
A3: Run | B3: Mean speed (m/s) | C3: Volumetric Froude number | D3: Drag from resistance tests (N) | E3: Running trim from resistance tests (deg) | F3: Wetted keel length (m) | G3: Wetted chine length (m) | H3: Mean wetted length (m) | I3: Rectangle b·Lc (m²) | J3: Triangles ½b(Lk − Lc) (m²) | K3: Plan-view wetted area (m²) | L3: Wetted surface area (m²)
A4: 1 | B4: 2.0409197 | C4: =B4/SQRT(9.81*($B$11/($B$12*9.81))^(1/3)) -> 1.1893659 | D4: =INDEX('Resistance tests'!$D$4:$D$16,MATCH(B4,'Resistance tests'!$B$4:$B$16,1))+(B4-INDEX('Resistance tests'!$B$4:$B$16,MATCH(B4,'Resistance tests'!$B$4:$B$16,1)))*(INDEX('Resistance tests'!$D$4:$D$16,MATCH(B4,'Resistance tests'!$B$4:$B$16,1)+1)-INDEX('Resistance tests'!$D$4:$D$16,MATCH(B4,'Resistance tests'!$B$4:$B$16,1)))/(INDEX('Resistance tests'!$B$4:$B$16,MATCH(B4,'Resistance tests'!$B$4:$B$16,1)+1)-INDEX('Resistance tests'!$B$4:$B$16,MATCH(B4,'Resistance tests'!$B$4:$B$16,1))) -> 32.46815 | E4: =INDEX('Resistance tests'!$E$4:$E$16,MATCH(B4,'Resistance tests'!$B$4:$B$16,1))+(B4-INDEX('Resistance tests'!$B$4:$B$16,MATCH(B4,'Resistance tests'!$B$4:$B$16,1)))*(INDEX('Resistance tests'!$E$4:$E$16,MATCH(B4,'Resistance tests'!$B$4:$B$16,1)+1)-INDEX('Resistance tests'!$E$4:$E$16,MATCH(B4,'Resistance tests'!$B$4:$B$16,1)))/(INDEX('Resistance tests'!$B$4:$B$16,MATCH(B4,'Resistance tests'!$B$4:$B$16,1)+1)-INDEX('Resistance tests'!$B$4:$B$16,MATCH(B4,'Resistance tests'!$B$4:$B$16,1))) -> 5.8498152 | F4: 1.585 | G4: 1.365 | H4: =(F4+G4)/2 -> 1.475 | I4: =$B$13*G4 -> 0.546 | J4: =0.5*$B$13*(F4-G4) -> 0.044 | K4: =I4+J4 -> 0.59 | L4: =K4/COS(RADIANS($B$14)) -> 0.62036271
A5: 2 | B5: 3.0688434 | C5: =B5/SQRT(9.81*($B$11/($B$12*9.81))^(1/3)) -> 1.7883985 | D5: =INDEX('Resistance tests'!$D$4:$D$16,MATCH(B5,'Resistance tests'!$B$4:$B$16,1))+(B5-INDEX('Resistance tests'!$B$4:$B$16,MATCH(B5,'Resistance tests'!$B$4:$B$16,1)))*(INDEX('Resistance tests'!$D$4:$D$16,MATCH(B5,'Resistance tests'!$B$4:$B$16,1)+1)-INDEX('Resistance tests'!$D$4:$D$16,MATCH(B5,'Resistance tests'!$B$4:$B$16,1)))/(INDEX('Resistance tests'!$B$4:$B$16,MATCH(B5,'Resistance tests'!$B$4:$B$16,1)+1)-INDEX('Resistance tests'!$B$4:$B$16,MATCH(B5,'Resistance tests'!$B$4:$B$16,1))) -> 42.30633 | E5: =INDEX('Resistance tests'!$E$4:$E$16,MATCH(B5,'Resistance tests'!$B$4:$B$16,1))+(B5-INDEX('Resistance tests'!$B$4:$B$16,MATCH(B5,'Resistance tests'!$B$4:$B$16,1)))*(INDEX('Resistance tests'!$E$4:$E$16,MATCH(B5,'Resistance tests'!$B$4:$B$16,1)+1)-INDEX('Resistance tests'!$E$4:$E$16,MATCH(B5,'Resistance tests'!$B$4:$B$16,1)))/(INDEX('Resistance tests'!$B$4:$B$16,MATCH(B5,'Resistance tests'!$B$4:$B$16,1)+1)-INDEX('Resistance tests'!$B$4:$B$16,MATCH(B5,'Resistance tests'!$B$4:$B$16,1))) -> 6.8801941 | F5: 1.42 | G5: 1.065 | H5: =(F5+G5)/2 -> 1.2425 | I5: =$B$13*G5 -> 0.426 | J5: =0.5*$B$13*(F5-G5) -> 0.071 | K5: =I5+J5 -> 0.497 | L5: =K5/COS(RADIANS($B$14)) -> 0.52257673
A6: 3 | B6: 4.104132 | C6: =B6/SQRT(9.81*($B$11/($B$12*9.81))^(1/3)) -> 2.3917231 | D6: =INDEX('Resistance tests'!$D$4:$D$16,MATCH(B6,'Resistance tests'!$B$4:$B$16,1))+(B6-INDEX('Resistance tests'!$B$4:$B$16,MATCH(B6,'Resistance tests'!$B$4:$B$16,1)))*(INDEX('Resistance tests'!$D$4:$D$16,MATCH(B6,'Resistance tests'!$B$4:$B$16,1)+1)-INDEX('Resistance tests'!$D$4:$D$16,MATCH(B6,'Resistance tests'!$B$4:$B$16,1)))/(INDEX('Resistance tests'!$B$4:$B$16,MATCH(B6,'Resistance tests'!$B$4:$B$16,1)+1)-INDEX('Resistance tests'!$B$4:$B$16,MATCH(B6,'Resistance tests'!$B$4:$B$16,1))) -> 47.72737 | E6: =INDEX('Resistance tests'!$E$4:$E$16,MATCH(B6,'Resistance tests'!$B$4:$B$16,1))+(B6-INDEX('Resistance tests'!$B$4:$B$16,MATCH(B6,'Resistance tests'!$B$4:$B$16,1)))*(INDEX('Resistance tests'!$E$4:$E$16,MATCH(B6,'Resistance tests'!$B$4:$B$16,1)+1)-INDEX('Resistance tests'!$E$4:$E$16,MATCH(B6,'Resistance tests'!$B$4:$B$16,1)))/(INDEX('Resistance tests'!$B$4:$B$16,MATCH(B6,'Resistance tests'!$B$4:$B$16,1)+1)-INDEX('Resistance tests'!$B$4:$B$16,MATCH(B6,'Resistance tests'!$B$4:$B$16,1))) -> 7.3849499 | F6: 1.175 | G6: 0.845 | H6: =(F6+G6)/2 -> 1.01 | I6: =$B$13*G6 -> 0.338 | J6: =0.5*$B$13*(F6-G6) -> 0.066 | K6: =I6+J6 -> 0.404 | L6: =K6/COS(RADIANS($B$14)) -> 0.42479074
A7: 4 | B7: 5.1322832 | C7: =B7/SQRT(9.81*($B$11/($B$12*9.81))^(1/3)) -> 2.9908882 | D7: =INDEX('Resistance tests'!$D$4:$D$16,MATCH(B7,'Resistance tests'!$B$4:$B$16,1))+(B7-INDEX('Resistance tests'!$B$4:$B$16,MATCH(B7,'Resistance tests'!$B$4:$B$16,1)))*(INDEX('Resistance tests'!$D$4:$D$16,MATCH(B7,'Resistance tests'!$B$4:$B$16,1)+1)-INDEX('Resistance tests'!$D$4:$D$16,MATCH(B7,'Resistance tests'!$B$4:$B$16,1)))/(INDEX('Resistance tests'!$B$4:$B$16,MATCH(B7,'Resistance tests'!$B$4:$B$16,1)+1)-INDEX('Resistance tests'!$B$4:$B$16,MATCH(B7,'Resistance tests'!$B$4:$B$16,1))) -> 48.309971 | E7: =INDEX('Resistance tests'!$E$4:$E$16,MATCH(B7,'Resistance tests'!$B$4:$B$16,1))+(B7-INDEX('Resistance tests'!$B$4:$B$16,MATCH(B7,'Resistance tests'!$B$4:$B$16,1)))*(INDEX('Resistance tests'!$E$4:$E$16,MATCH(B7,'Resistance tests'!$B$4:$B$16,1)+1)-INDEX('Resistance tests'!$E$4:$E$16,MATCH(B7,'Resistance tests'!$B$4:$B$16,1)))/(INDEX('Resistance tests'!$B$4:$B$16,MATCH(B7,'Resistance tests'!$B$4:$B$16,1)+1)-INDEX('Resistance tests'!$B$4:$B$16,MATCH(B7,'Resistance tests'!$B$4:$B$16,1))) -> 6.3862575 | F7: 1.05 | G7: 0.73 | H7: =(F7+G7)/2 -> 0.89 | I7: =$B$13*G7 -> 0.292 | J7: =0.5*$B$13*(F7-G7) -> 0.064 | K7: =I7+J7 -> 0.356 | L7: =K7/COS(RADIANS($B$14)) -> 0.37432055
A10: Values used
A11: Displacement weight (N) | B11: 264.87
A12: Water density at 19 °C (kg/m³) | B12: 998.4083 | C12: ITTC 7.5-02-01-03 (2011)
A13: Beam (m) | B13: 0.4
A14: Deadrise angle (deg) | B14: 18
