Workbook

Sheet Inputs
A1: Inputs, water properties and uncertainty parameters
A2: Blue = input value (source in column D); black = formula.
A3: Quantity | B3: Value | C3: Unit | D3: Source
A4: Displacement weight, W | B4: 264.87 | C4: N | D4: Data_Eval workbooks, ANALYZE DATA!B33
A5: Gravitational acceleration, g | B5: 9.81 | C5: m/s² | D5: As used in the Data_Eval workbooks
A6: Water temperature, 640 mm (Sets A–C, same day) | B6: 15.8 | C6: °C | D6: Measured during testing
A7: Water temperature, 560 and 480 mm | B7: 16.8 | C7: °C | D7: Measured during testing
A9: ITTC 7.5-02-01-03 Rev 02 (2011), Appendix A: fresh water properties used
A10: Temperature (°C) | B10: ρ (kg/m³) | C10: ν (m²/s)
A11: 15.8 | B11: 998.9783 | C11: 1.115e-06 | D11: ITTC 7.5-02-01-03 Rev 02 (2011), Appendix A (0.1 °C increments)
A12: 16.8 | B12: 998.8125 | C12: 1.0867e-06
A13: 19 | B13: 998.4083 | C13: 1.0283e-06
A15: Quantity | B15: 640 mm | C15: 560 and 480 mm | D15: Unit
A16: Water density, ρ (ITTC 2011) | B16: =B11 -> 998.9783 | C16: =B12 -> 998.8125 | D16: kg/m³
A17: Displaced volume, ∇ = W/(ρg) (Equation 4.2) | B17: =$B$4/(B16*$B$5) -> 0.027027614 | C17: =$B$4/(C16*$B$5) -> 0.027032101 | D17: m³
A18: ∇^(1/3) | B18: =B17^(1/3) -> 0.30010224 | C18: =C17^(1/3) -> 0.30011884 | D18: m
A19: Reference speed, √(g∇^(1/3)) (denominator of Equation 4.1) | B19: =SQRT($B$5*B18) -> 1.7158097 | C19: =SQRT($B$5*C18) -> 1.7158572 | D19: m/s
A21: Uncertainty inputs (Figliola & Beasley, 2019; Equations 4.5 and 4.6)
A22: Quantity | B22: Value | C22: Unit | D22: Source
A23: Number of repeat sets, N | B23: 3 | D23: Sets A–C (Table 4.3)
A24: Student's t, 95 %, two degrees of freedom, t95 | B24: 4.303 | D24: Student t table, ν = N − 1 = 2
A25: Systematic term, drag | B25: 0 | C25: N | D25: No confirmed load-cell accuracy (Section 4.11)
A26: Potentiometer resolution (P25 variant) | B26: 0.2 | C26: mm | D26: Micro-Epsilon (n.d.)
A27: Attachment spacing, dpot | B27: 1690 | C27: mm | D27: Data_Eval_640.xls, ANALYZE DATA!B10
A28: Systematic term, trim: half resolution per potentiometer through Equation 4.3 | B28: =DEGREES(SQRT(2)*(B26/2)/B27) -> 0.0047945839 | C28: deg | D28: Calculated
A30: Check: density to use inside the Data_Eval workbooks (ITTC 2011)
A31: Workbook | B31: ρ used (kg/m³) | C31: Effect on Fn∇ | D31: Note
A32: Data_Eval_640.xls | B32: 998.9783 | C32: =(B16/B32)^(1/6)-1 -> 0
A33: Data_Eval_560.xls and Data_Eval_480.xls | B33: 998.8125 | C33: =(C16/B33)^(1/6)-1 -> 0

Sheet Table 4.4
A1: Table 4.4: Test speeds and volumetric Froude numbers (Equation 4.1, 15.8 °C water)
A3: V (m/s) | B3: Fn∇ | C3: Fn∇ as printed in Table 4.4
A4: 0.5 | B4: =A4/Inputs!$B$19 -> 0.29140761 | C4: =ROUND(B4,2) -> 0.29
A5: 1 | B5: =A5/Inputs!$B$19 -> 0.58281521 | C5: =ROUND(B5,2) -> 0.58
A6: 1.5 | B6: =A6/Inputs!$B$19 -> 0.87422282 | C6: =ROUND(B6,2) -> 0.87
A7: 2 | B7: =A7/Inputs!$B$19 -> 1.1656304 | C7: =ROUND(B7,2) -> 1.17
A8: 2.5 | B8: =A8/Inputs!$B$19 -> 1.457038 | C8: =ROUND(B8,2) -> 1.46
A9: 3 | B9: =A9/Inputs!$B$19 -> 1.7484456 | C9: =ROUND(B9,2) -> 1.75
A10: 3.5 | B10: =A10/Inputs!$B$19 -> 2.0398532 | C10: =ROUND(B10,2) -> 2.04
A11: 4 | B11: =A11/Inputs!$B$19 -> 2.3312608 | C11: =ROUND(B11,2) -> 2.33
A12: 4.5 | B12: =A12/Inputs!$B$19 -> 2.6226684 | C12: =ROUND(B12,2) -> 2.62
A13: 5 | B13: =A13/Inputs!$B$19 -> 2.9140761 | C13: =ROUND(B13,2) -> 2.91
A14: 5.5 | B14: =A14/Inputs!$B$19 -> 3.2054837 | C14: =ROUND(B14,2) -> 3.21
A15: 6 | B15: =A15/Inputs!$B$19 -> 3.4968913 | C15: =ROUND(B15,2) -> 3.5
A16: 6.5 | B16: =A16/Inputs!$B$19 -> 3.7882989 | C16: =ROUND(B16,2) -> 3.79
A18: Speeds are the nominal (target) test speeds; the reference speed √(g∇^(1/3)) is on the Inputs sheet.

Sheet Table F.1
A1: Appendix Table F.1: baseline results at LCG 640 mm, mean of three sets ± uₓ at 95 % confidence
A2: Blue columns: measured run means from Data_Eval_640.xls, ANALYZE DATA. Speed and drag are the numbers inside the Fn∇ and D/W formulas (rows 2–3, 26–27, 49–50); trim is rows 4, 28 and 51. All other columns are formulas.
B3: Speed | G3: Drag force (N) | N3: Running trim (deg) | U3: As printed in Table F.1
A4: Step | B4: V Set A (m/s) | C4: V Set B (m/s) | D4: V Set C (m/s) | E4: Mean V (m/s) | F4: Fn∇ | G4: F Set A | H4: F Set B | I4: F Set C | J4: Mean F | K4: s | L4: s / √N | M4: uₓ (95 %) | N4: τ Set A | O4: τ Set B | P4: τ Set C | Q4: Mean τ | R4: s | S4: s / √N | T4: uₓ (95 %) | U4: V (m/s) | V4: Fn∇ | W4: F (N) | X4: τ (deg) | Y4: u_F / mean F (%)
A5: 1 | B5: 0.40430067 | C5: 0.40980517 | D5: 0.41153437 | E5: =AVERAGE(B5:D5) -> 0.40854674 | F5: =E5/Inputs!$B$19 -> 0.23810725 | G5: 1.3231285 | H5: 0.92577958 | I5: 0.93673948 | J5: =AVERAGE(G5:I5) -> 1.0618825 | K5: =STDEV(G5:I5) -> 0.22631203 | L5: =K5/SQRT(Inputs!$B$23) -> 0.13066131 | M5: =Inputs!$B$24*SQRT(Inputs!$B$25^2+L5^2) -> 0.56223562 | N5: 2.313151 | O5: 2.2065233 | P5: 2.2212313 | Q5: =AVERAGE(N5:P5) -> 2.2469685 | R5: =STDEV(N5:P5) -> 0.057785538 | S5: =R5/SQRT(Inputs!$B$23) -> 0.033362496 | T5: =Inputs!$B$24*SQRT(Inputs!$B$28^2+S5^2) -> 0.14503371 | U5: =TEXT(E5,"0.00") -> 0.41 | V5: =TEXT(F5,"0.00") -> 0.24 | W5: =TEXT(J5,"0.0")&" ± "&TEXT(M5,"0.0") -> 1.1 ± 0.6 | X5: =TEXT(Q5,"0.00")&" ± "&TEXT(T5,"0.00") -> 2.25 ± 0.15 | Y5: =100*M5/J5 -> 52.947064
A6: 2 | B6: 0.91874082 | C6: 0.92421961 | D6: 0.92571437 | E6: =AVERAGE(B6:D6) -> 0.9228916 | F6: =E6/Inputs!$B$19 -> 0.53787526 | G6: 5.056329 | H6: 4.9405012 | I6: 4.9252092 | J6: =AVERAGE(G6:I6) -> 4.9740131 | K6: =STDEV(G6:I6) -> 0.071696541 | L6: =K6/SQRT(Inputs!$B$23) -> 0.041394017 | M6: =Inputs!$B$24*SQRT(Inputs!$B$25^2+L6^2) -> 0.17811846 | N6: 2.4039924 | O6: 2.2952466 | P6: 2.2730329 | Q6: =AVERAGE(N6:P6) -> 2.3240907 | R6: =STDEV(N6:P6) -> 0.070082656 | S6: =R6/SQRT(Inputs!$B$23) -> 0.040462241 | T6: =Inputs!$B$24*SQRT(Inputs!$B$28^2+S6^2) -> 0.1753271 | U6: =TEXT(E6,"0.00") -> 0.92 | V6: =TEXT(F6,"0.00") -> 0.54 | W6: =TEXT(J6,"0.0")&" ± "&TEXT(M6,"0.0") -> 5.0 ± 0.2 | X6: =TEXT(Q6,"0.00")&" ± "&TEXT(T6,"0.00") -> 2.32 ± 0.18 | Y6: =100*M6/J6 -> 3.5809808
A7: 3 | B7: 1.4358017 | C7: 1.4412443 | D7: 1.4424743 | E7: =AVERAGE(B7:D7) -> 1.4398401 | F7: =E7/Inputs!$B$19 -> 0.83916071 | G7: 16.799203 | H7: 16.503844 | I7: 16.12358 | J7: =AVERAGE(G7:I7) -> 16.475543 | K7: =STDEV(G7:I7) -> 0.33869921 | L7: =K7/SQRT(Inputs!$B$23) -> 0.19554808 | M7: =Inputs!$B$24*SQRT(Inputs!$B$25^2+L7^2) -> 0.84144338 | N7: 2.7904333 | O7: 2.6178889 | P7: 2.5887188 | Q7: =AVERAGE(N7:P7) -> 2.6656804 | R7: =STDEV(N7:P7) -> 0.10901926 | S7: =R7/SQRT(Inputs!$B$23) -> 0.062942301 | T7: =Inputs!$B$24*SQRT(Inputs!$B$28^2+S7^2) -> 0.27162536 | U7: =TEXT(E7,"0.00") -> 1.44 | V7: =TEXT(F7,"0.00") -> 0.84 | W7: =TEXT(J7,"0.0")&" ± "&TEXT(M7,"0.0") -> 16.5 ± 0.8 | X7: =TEXT(Q7,"0.00")&" ± "&TEXT(T7,"0.00") -> 2.67 ± 0.27 | Y7: =100*M7/J7 -> 5.1072271
A8: 4 | B8: 1.9515859 | C8: 1.9568251 | D8: 1.9588418 | E8: =AVERAGE(B8:D8) -> 1.9557509 | F8: =E8/Inputs!$B$19 -> 1.1398414 | G8: 28.56171 | H8: 28.613246 | I8: 28.600659 | J8: =AVERAGE(G8:I8) -> 28.591871 | K8: =STDEV(G8:I8) -> 0.02686819 | L8: =K8/SQRT(Inputs!$B$23) -> 0.015512357 | M8: =Inputs!$B$24*SQRT(Inputs!$B$25^2+L8^2) -> 0.066749671 | N8: 3.9468941 | O8: 3.9193259 | P8: 3.9171215 | Q8: =AVERAGE(N8:P8) -> 3.9277805 | R8: =STDEV(N8:P8) -> 0.016589506 | S8: =R8/SQRT(Inputs!$B$23) -> 0.0095779559 | T8: =Inputs!$B$24*SQRT(Inputs!$B$28^2+S8^2) -> 0.046089384 | U8: =TEXT(E8,"0.00") -> 1.96 | V8: =TEXT(F8,"0.00") -> 1.14 | W8: =TEXT(J8,"0.0")&" ± "&TEXT(M8,"0.0") -> 28.6 ± 0.1 | X8: =TEXT(Q8,"0.00")&" ± "&TEXT(T8,"0.00") -> 3.93 ± 0.05 | Y8: =100*M8/J8 -> 0.23345681
A9: 5 | B9: 2.4691869 | C9: 2.4743599 | D9: 2.4763238 | E9: =AVERAGE(B9:D9) -> 2.4732902 | F9: =E9/Inputs!$B$19 -> 1.4414712 | G9: 32.306952 | H9: 32.267738 | I9: 32.2184 | J9: =AVERAGE(G9:I9) -> 32.264363 | K9: =STDEV(G9:I9) -> 0.044372601 | L9: =K9/SQRT(Inputs!$B$23) -> 0.025618533 | M9: =Inputs!$B$24*SQRT(Inputs!$B$25^2+L9^2) -> 0.11023655 | N9: 4.7337311 | O9: 4.6691256 | P9: 4.6586413 | Q9: =AVERAGE(N9:P9) -> 4.687166 | R9: =STDEV(N9:P9) -> 0.040665831 | S9: =R9/SQRT(Inputs!$B$23) -> 0.023478429 | T9: =Inputs!$B$24*SQRT(Inputs!$B$28^2+S9^2) -> 0.10311272 | U9: =TEXT(E9,"0.00") -> 2.47 | V9: =TEXT(F9,"0.00") -> 1.44 | W9: =TEXT(J9,"0.0")&" ± "&TEXT(M9,"0.0") -> 32.3 ± 0.1 | X9: =TEXT(Q9,"0.00")&" ± "&TEXT(T9,"0.00") -> 4.69 ± 0.10 | Y9: =100*M9/J9 -> 0.34166658
A10: 6 | B10: 2.9794757 | C10: 2.9844303 | D10: 2.9843315 | E10: =AVERAGE(B10:D10) -> 2.9827458 | F10: =E10/Inputs!$B$19 -> 1.7383896 | G10: 34.330243 | H10: 34.965198 | I10: 34.117868 | J10: =AVERAGE(G10:I10) -> 34.471103 | K10: =STDEV(G10:I10) -> 0.44087807 | L10: =K10/SQRT(Inputs!$B$23) -> 0.25454107 | M10: =Inputs!$B$24*SQRT(Inputs!$B$25^2+L10^2) -> 1.0952902 | N10: 4.9482425 | O10: 5.0273111 | P10: 4.8849456 | Q10: =AVERAGE(N10:P10) -> 4.9534997 | R10: =STDEV(N10:P10) -> 0.071328214 | S10: =R10/SQRT(Inputs!$B$23) -> 0.041181363 | T10: =Inputs!$B$24*SQRT(Inputs!$B$28^2+S10^2) -> 0.17840036 | U10: =TEXT(E10,"0.00") -> 2.98 | V10: =TEXT(F10,"0.00") -> 1.74 | W10: =TEXT(J10,"0.0")&" ± "&TEXT(M10,"0.0") -> 34.5 ± 1.1 | X10: =TEXT(Q10,"0.00")&" ± "&TEXT(T10,"0.00") -> 4.95 ± 0.18 | Y10: =100*M10/J10 -> 3.1774157
A11: 7 | B11: 3.4979776 | C11: 3.5018797 | D11: 3.5034017 | E11: =AVERAGE(B11:D11) -> 3.5010863 | F11: =E11/Inputs!$B$19 -> 2.0404864 | G11: 37.341549 | H11: 37.106134 | I11: 37.032048 | J11: =AVERAGE(G11:I11) -> 37.15991 | K11: =STDEV(G11:I11) -> 0.16160624 | L11: =K11/SQRT(Inputs!$B$23) -> 0.093303404 | M11: =Inputs!$B$24*SQRT(Inputs!$B$25^2+L11^2) -> 0.40148455 | N11: 5.0719792 | O11: 4.987861 | P11: 4.9784019 | Q11: =AVERAGE(N11:P11) -> 5.0127474 | R11: =STDEV(N11:P11) -> 0.051513804 | S11: =R11/SQRT(Inputs!$B$23) -> 0.029741508 | T11: =Inputs!$B$24*SQRT(Inputs!$B$28^2+S11^2) -> 0.12963 | U11: =TEXT(E11,"0.00") -> 3.50 | V11: =TEXT(F11,"0.00") -> 2.04 | W11: =TEXT(J11,"0.0")&" ± "&TEXT(M11,"0.0") -> 37.2 ± 0.4 | X11: =TEXT(Q11,"0.00")&" ± "&TEXT(T11,"0.00") -> 5.01 ± 0.13 | Y11: =100*M11/J11 -> 1.0804239
A12: 8 | B12: 4.0153332 | C12: 4.0185257 | D12: 4.0208248 | E12: =AVERAGE(B12:D12) -> 4.0182279 | F12: =E12/Inputs!$B$19 -> 2.3418843 | G12: 40.889038 | H12: 40.905134 | I12: 40.565223 | J12: =AVERAGE(G12:I12) -> 40.786465 | K12: =STDEV(G12:I12) -> 0.19177043 | L12: =K12/SQRT(Inputs!$B$23) -> 0.11071871 | M12: =Inputs!$B$24*SQRT(Inputs!$B$25^2+L12^2) -> 0.47642261 | N12: 5.3777433 | O12: 5.3346785 | P12: 5.2863148 | Q12: =AVERAGE(N12:P12) -> 5.3329122 | R12: =STDEV(N12:P12) -> 0.04573984 | S12: =R12/SQRT(Inputs!$B$23) -> 0.026407909 | T12: =Inputs!$B$24*SQRT(Inputs!$B$28^2+S12^2) -> 0.11549092 | U12: =TEXT(E12,"0.00") -> 4.02 | V12: =TEXT(F12,"0.00") -> 2.34 | W12: =TEXT(J12,"0.0")&" ± "&TEXT(M12,"0.0") -> 40.8 ± 0.5 | X12: =TEXT(Q12,"0.00")&" ± "&TEXT(T12,"0.00") -> 5.33 ± 0.12 | Y12: =100*M12/J12 -> 1.16809
A13: 9 | B13: 4.532741 | C13: 4.5365174 | D13: 4.5378818 | E13: =AVERAGE(B13:D13) -> 4.5357134 | F13: =E13/Inputs!$B$19 -> 2.6434828 | G13: 43.428704 | H13: 43.184604 | I13: 43.234278 | J13: =AVERAGE(G13:I13) -> 43.282529 | K13: =STDEV(G13:I13) -> 0.12900519 | L13: =K13/SQRT(Inputs!$B$23) -> 0.07448118 | M13: =Inputs!$B$24*SQRT(Inputs!$B$25^2+L13^2) -> 0.32049252 | N13: 5.610413 | O13: 5.5465053 | P13: 5.5728986 | Q13: =AVERAGE(N13:P13) -> 5.5766056 | R13: =STDEV(N13:P13) -> 0.032114724 | S13: =R13/SQRT(Inputs!$B$23) -> 0.018541445 | T13: =Inputs!$B$24*SQRT(Inputs!$B$28^2+S13^2) -> 0.082408146 | U13: =TEXT(E13,"0.00") -> 4.54 | V13: =TEXT(F13,"0.00") -> 2.64 | W13: =TEXT(J13,"0.0")&" ± "&TEXT(M13,"0.0") -> 43.3 ± 0.3 | X13: =TEXT(Q13,"0.00")&" ± "&TEXT(T13,"0.00") -> 5.58 ± 0.08 | Y13: =100*M13/J13 -> 0.74046626
A14: 10 | B14: 5.0428019 | C14: 5.045565 | D14: 5.0479129 | E14: =AVERAGE(B14:D14) -> 5.0454266 | F14: =E14/Inputs!$B$19 -> 2.9405514 | G14: 45.717801 | H14: 45.318411 | I14: 45.173508 | J14: =AVERAGE(G14:I14) -> 45.40324 | K14: =STDEV(G14:I14) -> 0.28188766 | L14: =K14/SQRT(Inputs!$B$23) -> 0.16274792 | M14: =Inputs!$B$24*SQRT(Inputs!$B$25^2+L14^2) -> 0.7003043 | N14: 5.4190782 | O14: 5.3599264 | P14: 5.3662208 | Q14: =AVERAGE(N14:P14) -> 5.3817418 | R14: =STDEV(N14:P14) -> 0.032487089 | S14: =R14/SQRT(Inputs!$B$23) -> 0.01875643 | T14: =Inputs!$B$24*SQRT(Inputs!$B$28^2+S14^2) -> 0.083304089 | U14: =TEXT(E14,"0.00") -> 5.05 | V14: =TEXT(F14,"0.00") -> 2.94 | W14: =TEXT(J14,"0.0")&" ± "&TEXT(M14,"0.0") -> 45.4 ± 0.7 | X14: =TEXT(Q14,"0.00")&" ± "&TEXT(T14,"0.00") -> 5.38 ± 0.08 | Y14: =100*M14/J14 -> 1.5424104
A15: 11 | B15: 5.5582808 | C15: 5.5595699 | D15: 5.5612759 | E15: =AVERAGE(B15:D15) -> 5.5597089 | F15: =E15/Inputs!$B$19 -> 3.2402829 | G15: 47.523877 | H15: 47.343004 | I15: 47.014495 | J15: =AVERAGE(G15:I15) -> 47.293792 | K15: =STDEV(G15:I15) -> 0.25823214 | L15: =K15/SQRT(Inputs!$B$23) -> 0.1490904 | M15: =Inputs!$B$24*SQRT(Inputs!$B$25^2+L15^2) -> 0.64153597 | N15: 5.1108944 | O15: 5.0924865 | P15: 5.0421743 | Q15: =AVERAGE(N15:P15) -> 5.0818517 | R15: =STDEV(N15:P15) -> 0.035573006 | S15: =R15/SQRT(Inputs!$B$23) -> 0.020538085 | T15: =Inputs!$B$24*SQRT(Inputs!$B$28^2+S15^2) -> 0.090751582 | U15: =TEXT(E15,"0.00") -> 5.56 | V15: =TEXT(F15,"0.00") -> 3.24 | W15: =TEXT(J15,"0.0")&" ± "&TEXT(M15,"0.0") -> 47.3 ± 0.6 | X15: =TEXT(Q15,"0.00")&" ± "&TEXT(T15,"0.00") -> 5.08 ± 0.09 | Y15: =100*M15/J15 -> 1.3564909
A16: 12 | B16: 6.0718136 | C16: 6.0761442 | D16: 6.0774892 | E16: =AVERAGE(B16:D16) -> 6.075149 | F16: =E16/Inputs!$B$19 -> 3.5406892 | G16: 49.801105 | H16: 49.725834 | I16: 49.617264 | J16: =AVERAGE(G16:I16) -> 49.714734 | K16: =STDEV(G16:I16) -> 0.092421828 | L16: =K16/SQRT(Inputs!$B$23) -> 0.053359768 | M16: =Inputs!$B$24*SQRT(Inputs!$B$25^2+L16^2) -> 0.22960708 | N16: 4.7872051 | O16: 4.7321653 | P16: 4.7318123 | Q16: =AVERAGE(N16:P16) -> 4.7503942 | R16: =STDEV(N16:P16) -> 0.031879602 | S16: =R16/SQRT(Inputs!$B$23) -> 0.018405697 | T16: =Inputs!$B$24*SQRT(Inputs!$B$28^2+S16^2) -> 0.081842757 | U16: =TEXT(E16,"0.00") -> 6.08 | V16: =TEXT(F16,"0.00") -> 3.54 | W16: =TEXT(J16,"0.0")&" ± "&TEXT(M16,"0.0") -> 49.7 ± 0.2 | X16: =TEXT(Q16,"0.00")&" ± "&TEXT(T16,"0.00") -> 4.75 ± 0.08 | Y16: =100*M16/J16 -> 0.46184915
A17: 13 | B17: 6.5843671 | C17: 6.5903257 | D17: 6.5906031 | E17: =AVERAGE(B17:D17) -> 6.588432 | F17: =E17/Inputs!$B$19 -> 3.8398384 | G17: 52.70135 | H17: 52.632886 | I17: 52.131865 | J17: =AVERAGE(G17:I17) -> 52.4887 | K17: =STDEV(G17:I17) -> 0.31091862 | L17: =K17/SQRT(Inputs!$B$23) -> 0.17950895 | M17: =Inputs!$B$24*SQRT(Inputs!$B$25^2+L17^2) -> 0.77242702 | N17: 4.4813509 | O17: 4.4593332 | P17: 4.411563 | Q17: =AVERAGE(N17:P17) -> 4.4507491 | R17: =STDEV(N17:P17) -> 0.035677079 | S17: =R17/SQRT(Inputs!$B$23) -> 0.020598171 | T17: =Inputs!$B$24*SQRT(Inputs!$B$28^2+S17^2) -> 0.091003382 | U17: =TEXT(E17,"0.00") -> 6.59 | V17: =TEXT(F17,"0.00") -> 3.84 | W17: =TEXT(J17,"0.0")&" ± "&TEXT(M17,"0.0") -> 52.5 ± 0.8 | X17: =TEXT(Q17,"0.00")&" ± "&TEXT(T17,"0.00") -> 4.45 ± 0.09 | Y17: =100*M17/J17 -> 1.4716063

Sheet Wetted area 560
A1: Wetted lengths and area at LCG 560 mm: measured (coating wash-off) and Savitsky (1964) prediction
A2: Blue = input (measured values from the wash-off runs; predictions from Savitsky_Wetted_Area.m). Black = formula.
A4: Beam, b | B4: 0.4 | C4: m | D4: Table 4.1
A5: Deadrise angle, β | B5: 18 | C5: deg | D5: Table 4.1
A6: Water temperature | B6: 19 | C6: °C | D6: Measured, wetted-area runs
A7: ITTC (2011) density at 19 °C | B7: =Inputs!B13 -> 998.4083 | C7: kg/m³ | D7: ITTC 7.5-02-01-03 Rev 02 (2011), Appendix A
A8: Water density, ρ | B8: =B7 -> 998.4083 | C8: kg/m³ | D8: Formula
A9: Reference speed, √(g∇^(1/3)) | B9: =SQRT(Inputs!$B$5*(Inputs!$B$4/(B8*Inputs!$B$5))^(1/3)) -> 1.7159729 | C9: m/s | D9: Equations 4.1 and 4.2
A12: Run | B12: V (m/s) | C12: Lk meas. (m) | D12: Lc meas. (m) | E12: Mean wetted length (m) | F12: λ meas. | G12: Plan-view area A = b·Lc + ½b(Lk − Lc) (m²) | H12: Wetted surface S (m²) | I12: Fn∇ | J12: λ pred. | K12: Lk pred. (m) | L12: Lc pred. (m) | M12: λ error, Eq. 5.1 (%) | N12: Lk error, Eq. 5.1 (%) | O12: Lc error, Eq. 5.1 (%) | P12: S pred. (m²)
A13: 1 | B13: 2.0409197 | C13: 1.585 | D13: 1.365 | E13: =(C13+D13)/2 -> 1.475 | F13: =E13/$B$4 -> 3.6875 | G13: =$B$4*D13+0.5*$B$4*(C13-D13) -> 0.59 | H13: =G13/COS(RADIANS($B$5)) -> 0.62036271 | I13: =B13/$B$9 -> 1.1893659 | J13: 3.5990939 | K13: 1.6701216 | L13: 1.2091535 | M13: =100*(J13/F13-1) -> -2.3974534 | N13: =100*(K13/C13-1) -> 5.3704508 | O13: =100*(L13/D13-1) -> -11.417327 | P13: =J13*$B$4^2/COS(RADIANS($B$5)) -> 0.60548981
A14: 2 | B14: 3.0688434 | C14: 1.42 | D14: 1.065 | E14: =(C14+D14)/2 -> 1.2425 | F14: =E14/$B$4 -> 3.10625 | G14: =$B$4*D14+0.5*$B$4*(C14-D14) -> 0.497 | H14: =G14/COS(RADIANS($B$5)) -> 0.52257673 | I14: =B14/$B$9 -> 1.7883985 | J14: 2.9120016 | K14: 1.3457958 | L14: 0.98380541 | M14: =100*(J14/F14-1) -> -6.2534709 | N14: =100*(K14/C14-1) -> -5.2256452 | O14: =100*(L14/D14-1) -> -7.6239051 | P14: =J14*$B$4^2/COS(RADIANS($B$5)) -> 0.48989754
A15: 3 | B15: 4.104132 | C15: 1.175 | D15: 0.845 | E15: =(C15+D15)/2 -> 1.01 | F15: =E15/$B$4 -> 2.525 | G15: =$B$4*D15+0.5*$B$4*(C15-D15) -> 0.404 | H15: =G15/COS(RADIANS($B$5)) -> 0.42479074 | I15: =B15/$B$9 -> 2.3917231 | J15: 2.4473979 | K15: 1.1563015 | L15: 0.80161687 | M15: =100*(J15/F15-1) -> -3.0733499 | N15: =100*(K15/C15-1) -> -1.5913649 | O15: =100*(L15/D15-1) -> -5.1340984 | P15: =J15*$B$4^2/COS(RADIANS($B$5)) -> 0.41173543
A16: 4 | B16: 5.1322832 | C16: 1.05 | D16: 0.73 | E16: =(C16+D16)/2 -> 0.89 | F16: =E16/$B$4 -> 2.225 | G16: =$B$4*D16+0.5*$B$4*(C16-D16) -> 0.356 | H16: =G16/COS(RADIANS($B$5)) -> 0.37432055 | I16: =B16/$B$9 -> 2.9908882 | J16: 2.2375978 | K16: 1.0996556 | L16: 0.69042259 | M16: =100*(J16/F16-1) -> 0.56619103 | N16: =100*(K16/C16-1) -> 4.7291061 | O16: =100*(L16/D16-1) -> -5.4215635 | P16: =J16*$B$4^2/COS(RADIANS($B$5)) -> 0.37643992
A18: Mean absolute λ error (%) | M18: =AVERAGE(ABS(M13),ABS(M14),ABS(M15),ABS(M16)) -> 3.0726163
A19: A = b(Lk + Lc)/2 and S = A/cos β (Equations 4.7 and 4.8); λ = (Lk + Lc)/(2b) (Equation 5.3).

Sheet Ch4 other calcs
A1: Chapter 4: remaining calculations (blue = input with source; black = formula)
A3: Mass and ballast (§4.7.1)
A4: Displaced mass, Δ/g | B4: =Inputs!B4/Inputs!B5 -> 27 | C4: kg | D4: Formula
A5: Bare hull mass | B5: 11.99 | C5: kg | D5: Scale reading
A6: Ballast needed | B6: =B4-B5 -> 15.01 | C6: kg | D6: Formula
A8: Trim reduction of one run (Equation 4.3): 2.47 m/s, window 14.0–26.0 s
A9: Mean bow reading | B9: -37.792527 | C9: mm | D9: Data_Eval_640.xls, live block
A10: Mean stern reading | B10: 36.952457 | C10: mm | D10: Data_Eval_640.xls, live block
A11: Running trim τ = τ₀ + atan((−bow − (−stern))/dpot) | B11: =2.2+DEGREES(ATAN((-B9-(-B10))/Inputs!B27)) -> 4.732416 | C11: deg | D11: τ₀ = 2.2° (Table 4.3)
A13: Signal-to-noise ratio and standard error (§4.6): 2.47 m/s run, 14.0–26.0 s
A14: Signal | B14: Mean | C14: Standard deviation | D14: Samples | E14: Signal-to-noise ratio | F14: Standard error of mean
A15: Speed (m/s) | B15: 2.4685631 | C15: 0.018443453 | D15: 3600 | E15: =B15/C15 -> 133.84496 | F15: =C15/SQRT(D15) -> 0.00030739088
A16: Drag (N) | B16: 32.28527 | C16: 0.62911109 | D16: 3600 | E16: =B16/C16 -> 51.31887 | F16: =C16/SQRT(D16) -> 0.010485185
A17: Bow displacement (mm) | B17: 37.792527 | C17: 0.78157593 | D17: 3600 | E17: =B17/C17 -> 48.354261 | F17: =C17/SQRT(D17) -> 0.013026266
A18: Stern displacement (mm) | B18: 36.952457 | C18: 0.75662489 | D18: 3600 | E18: =B18/C18 -> 48.838543 | F18: =C18/SQRT(D18) -> 0.012610415
A19: Source: Data_Eval_640.xls RAW DATA, 14.0 ≤ t ≤ 26.0 s
A20: Drag standard error / set-to-set s at 2.47 m/s | B20: =F16/'Table F.1'!K9 -> 0.23629863 | D20: Formula
A22: Potentiometer linearity propagated to trim (§4.11)
A23: P25 linearity error, 0.25 % of 750 mm | B23: =0.0025*750 -> 1.875 | C23: mm | D23: Micro-Epsilon (n.d.)
A24: P25 trim bound B = √2·e/dpot | B24: =DEGREES(SQRT(2)*B23/Inputs!B27) -> 0.089898449 | C24: deg | D24: Formula
A25: P25 standard uncertainty B/2 | B25: =B24/2 -> 0.044949224 | C25: deg | D25: Formula
A26: P10 linearity error, 0.1 % of 750 mm | B26: =0.001*750 -> 0.75 | C26: mm | D26: Micro-Epsilon (n.d.)
A27: P10 trim bound B = √2·e/dpot | B27: =DEGREES(SQRT(2)*B26/Inputs!B27) -> 0.035959379 | C27: deg | D27: Formula
A28: P10 standard uncertainty B/2 | B28: =B27/2 -> 0.01797969 | C28: deg | D28: Formula
A30: Load-cell range used (§4.11)
A31: Largest mean drag (480 mm, 3.48 m/s) | B31: 57.523476 | C31: N | D31: Data_Eval_480.xls
A32: Percentage of 490.5 N capacity | B32: =100*B31/490.5 -> 11.727518 | C32: % | D32: Formula
A34: Reynolds number and laminar length (§4.11, Equation 4.4): water at 15.8 °C
A35: Kinematic viscosity (ITTC 2011, 15.8 °C) | B35: =Inputs!C11 -> 1.115e-06 | C35: m²/s | D35: ITTC 7.5-02-01-03 Rev 02 (2011), Appendix A
A36: Reynolds number at 0.41 m/s, V·Lp/ν | B36: =0.41*1.6/B35 -> 588340.81 | D36: Formula
A37: Reynolds number at 6.59 m/s, V·Lp/ν | B37: =6.59*1.6/B35 -> 9456502.2 | D37: Formula
A38: Laminar length at 0.41 m/s, 5×10⁵ν/V | B38: =500000*B35/0.41 -> 1.3597561 | C38: m | D38: Formula
A39: Laminar length at 2 m/s, 5×10⁵ν/V | B39: =500000*B35/2 -> 0.27875 | C39: m | D39: Formula
A40: Laminar length at 6.5 m/s, 5×10⁵ν/V | B40: =500000*B35/6.5 -> 0.085769231 | C40: m | D40: Formula
A42: Trim-dependent drag term at each trim peak (§4.13): Δ tan τ / D
A43: LCG | B43: Trim peak (deg) | C43: Drag at the peak (N) | D43: Δ tan τ (N) | E43: Share of drag (%)
A44: 640 mm | B44: 5.5766056 | C44: 43.282529 | D44: =Inputs!$B$4*TAN(RADIANS(B44)) -> 25.861546 | E44: =100*D44/C44 -> 59.750544
A45: 560 mm | B45: 7.4695273 | C45: 47.712061 | D45: =Inputs!$B$4*TAN(RADIANS(B45)) -> 34.727495 | E45: =100*D45/C45 -> 72.785567
A46: 480 mm | B46: 9.8767976 | C46: 57.523476 | D46: =Inputs!$B$4*TAN(RADIANS(B46)) -> 46.116694 | E46: =100*D46/C46 -> 80.170215
A47: Source: Data_Eval workbooks (640 mm is the mean of three sets)

Sheet Ch5 comparison
A1: Chapter 5: prediction errors (Equation 5.1) and mean absolute errors (Equation 5.2)
A2: Blue: measured values (Data_Eval workbooks) and predictions (Savitsky_Code_Test_m_Factor_All.m output). Black: formulas.
A4: LCG | B4: Fn∇ | C4: D/Δ meas. | D4: τ meas. (deg) | E4: D/Δ Savitsky | F4: M | G4: τ pred. (deg) | H4: D/Δ Sav. + M | I4: e Savitsky (%) | J4: e Sav. + M (%) | K4: e trim (%) | L4: Trim offset (deg)
A5: 640 mm | B5: 1.73839 | C5: 0.130143 | D5: 4.9535 | E5: 0.11745661 | F5: 1.3148753 | G5: 4.4938499 | H5: =F5*E5 -> 0.15444079 | I5: =100*(E5-C5)/C5 -> -9.7480403 | J5: =100*(H5-C5)/C5 -> 18.670073 | K5: =100*(G5-D5)/D5 -> -9.2792996 | L5: =G5-D5 -> -0.45965011
A6: 640 mm | B6: 2.04047 | C6: 0.140295 | D6: 5.012747 | E6: 0.13421337 | F6: 1.2106107 | G6: 4.9326164 | H6: =F6*E6 -> 0.16248015 | I6: =100*(E6-C6)/C6 -> -4.3348874 | J6: =100*(H6-C6)/C6 -> 15.813213 | K6: =100*(G6-D6)/D6 -> -1.5985364 | L6: =G6-D6 -> -0.080130584
A7: 640 mm | B7: 2.341865 | C7: 0.153987 | D7: 5.332912 | E7: 0.14723647 | F7: 1.1254271 | G7: 5.142436 | H7: =F7*E7 -> 0.16570391 | I7: =100*(E7-C7)/C7 -> -4.3838303 | J7: =100*(H7-C7)/C7 -> 7.6090238 | K7: =100*(G7-D7)/D7 -> -3.5717079 | L7: =G7-D7 -> -0.19047604
A8: 640 mm | B8: 2.643461 | C8: 0.16341 | D8: 5.576606 | E8: 0.1566791 | F8: 1.0673395 | G8: 5.0956673 | H8: =F8*E8 -> 0.16722979 | I8: =100*(E8-C8)/C8 -> -4.1190274 | J8: =100*(H8-C8)/C8 -> 2.3375519 | K8: =100*(G8-D8)/D8 -> -8.6242192 | L8: =G8-D8 -> -0.48093873
A9: 640 mm | B9: 2.940528 | C9: 0.171417 | D9: 5.381742 | E9: 0.16418851 | F9: 1.0313514 | G9: 4.8788056 | H9: =F9*E9 -> 0.16933606 | I9: =100*(E9-C9)/C9 -> -4.2169033 | J9: =100*(H9-C9)/C9 -> -1.2139662 | K9: =100*(G9-D9)/D9 -> -9.3452348 | L9: =G9-D9 -> -0.50293642
A10: 640 mm | B10: 3.240257 | C10: 0.178555 | D10: 5.081852 | E10: 0.17160617 | F10: 1.0094869 | G10: 4.5768882 | H10: =F10*E10 -> 0.17323418 | I10: =100*(E10-C10)/C10 -> -3.8917023 | J10: =100*(H10-C10)/C10 -> -2.9799342 | K10: =100*(G10-D10)/D10 -> -9.9366096 | L10: =G10-D10 -> -0.50496379
A11: 640 mm | B11: 3.540661 | C11: 0.187695 | D11: 4.750394 | E11: 0.17990711 | F11: 0.99669461 | G11: 4.2489988 | H11: =F11*E11 -> 0.17931245 | I11: =100*(E11-C11)/C11 -> -4.1492254 | J11: =100*(H11-C11)/C11 -> -4.4660496 | K11: =100*(G11-D11)/D11 -> -10.554812 | L11: =G11-D11 -> -0.50139518
A12: 640 mm | B12: 3.839807 | C12: 0.198168 | D12: 4.450749 | E12: 0.18956212 | F12: 0.98939076 | G12: 3.928417 | H12: =F12*E12 -> 0.18755101 | I12: =100*(E12-C12)/C12 -> -4.3427195 | J12: =100*(H12-C12)/C12 -> -5.3575703 | K12: =100*(G12-D12)/D12 -> -11.735821 | L12: =G12-D12 -> -0.52233196
A14: LCG | B14: Fn∇ | C14: D/Δ meas. | D14: τ meas. (deg) | E14: D/Δ Savitsky | F14: M | G14: τ pred. (deg) | H14: D/Δ Sav. + M | I14: e Savitsky (%) | J14: e Sav. + M (%) | K14: e trim (%) | L14: Trim offset (deg)
A15: 560 mm | B15: 1.129095 | C15: 0.117484 | D15: 5.69856 | E15: 0.10477798 | F15: 1.0261255 | G15: 4.9905404 | H15: =F15*E15 -> 0.10751536 | I15: =100*(E15-C15)/C15 -> -10.815107 | J15: =100*(H15-C15)/C15 -> -8.4851058 | K15: =100*(G15-D15)/D15 -> -12.424535 | L15: =G15-D15 -> -0.7080196
A16: 560 mm | B16: 1.430139 | C16: 0.142915 | D16: 6.453209 | E16: 0.1248063 | F16: 1.264095 | G16: 5.715156 | H16: =F16*E16 -> 0.15776702 | I16: =100*(E16-C16)/C16 -> -12.670955 | J16: =100*(H16-C16)/C16 -> 10.392206 | K16: =100*(G16-D16)/D16 -> -11.436993 | L16: =G16-D16 -> -0.73805305
A17: 560 mm | B17: 1.728127 | C17: 0.156284 | D17: 6.78439 | E17: 0.14406172 | F17: 1.2411698 | G17: 6.4077116 | H17: =F17*E17 -> 0.17880505 | I17: =100*(E17-C17)/C17 -> -7.820558 | J17: =100*(H17-C17)/C17 -> 14.410336 | K17: =100*(G17-D17)/D17 -> -5.5521332 | L17: =G17-D17 -> -0.37667837
A18: 560 mm | B18: 2.029958 | C18: 0.173486 | D18: 7.263353 | E18: 0.15781439 | F18: 1.1657453 | G18: 6.7754367 | H18: =F18*E18 -> 0.18397138 | I18: =100*(E18-C18)/C18 -> -9.0333578 | J18: =100*(H18-C18)/C18 -> 6.0439318 | K18: =100*(G18-D18)/D18 -> -6.7175083 | L18: =G18-D18 -> -0.48791634
A19: 560 mm | B19: 2.330847 | C19: 0.180134 | D19: 7.469527 | E19: 0.16457302 | F19: 1.0991046 | G19: 6.7052154 | H19: =F19*E19 -> 0.18088296 | I19: =100*(E19-C19)/C19 -> -8.6385571 | J19: =100*(H19-C19)/C19 -> 0.4157821 | K19: =100*(G19-D19)/D19 -> -10.232397 | L19: =G19-D19 -> -0.76431164
A20: 560 mm | B20: 2.629515 | C20: 0.180417 | D20: 7.055502 | E20: 0.16733543 | F20: 1.0525607 | G20: 6.3498504 | H20: =F20*E20 -> 0.17613069 | I20: =100*(E20-C20)/C20 -> -7.2507436 | J20: =100*(H20-C20)/C20 -> -2.3757794 | K20: =100*(G20-D20)/D20 -> -10.001437 | L20: =G20-D20 -> -0.70565156
A21: 560 mm | B21: 2.927972 | C21: 0.182003 | D21: 6.501091 | E21: 0.16916047 | F21: 1.0228102 | G21: 5.874975 | H21: =F21*E21 -> 0.17301906 | I21: =100*(E21-C21)/C21 -> -7.0562193 | J21: =100*(H21-C21)/C21 -> -4.9361502 | K21: =100*(G21-D21)/D21 -> -9.6309373 | L21: =G21-D21 -> -0.626116
A22: 560 mm | B22: 3.229202 | C22: 0.183856 | D22: 5.952781 | E22: 0.17180597 | F22: 1.00461 | G22: 5.3740691 | H22: =F22*E22 -> 0.17259799 | I22: =100*(E22-C22)/C22 -> -6.5540595 | J22: =100*(H22-C22)/C22 -> -6.123274 | K22: =100*(G22-D22)/D22 -> -9.7217072 | L22: =G22-D22 -> -0.57871194
A23: 560 mm | B23: 3.529988 | C23: 0.18874 | D23: 5.47297 | E23: 0.17604943 | F23: 0.99395994 | G23: 4.8990333 | H23: =F23*E23 -> 0.17498608 | I23: =100*(E23-C23)/C23 -> -6.7238357 | J23: =100*(H23-C23)/C23 -> -7.2872293 | K23: =100*(G23-D23)/D23 -> -10.48675 | L23: =G23-D23 -> -0.57393671
A24: 560 mm | B24: 3.828418 | C24: 0.19398 | D24: 5.020689 | E24: 0.18212618 | F24: 0.98787772 | G24: 4.470103 | H24: =F24*E24 -> 0.1799184 | I24: =100*(E24-C24)/C24 -> -6.1108453 | J24: =100*(H24-C24)/C24 -> -7.2489961 | K24: =100*(G24-D24)/D24 -> -10.966343 | L24: =G24-D24 -> -0.55058598
A26: LCG | B26: Fn∇ | C26: D/Δ meas. | D26: τ meas. (deg) | E26: D/Δ Savitsky | F26: M | G26: τ pred. (deg) | H26: D/Δ Sav. + M | I26: e Savitsky (%) | J26: e Sav. + M (%) | K26: e trim (%) | L26: Trim offset (deg)
A27: 480 mm | B27: 1.127578 | C27: 0.155686 | D27: 7.69195 | E27: 0.14548929 | F27: 0.90987297 | G27: 7.4653539 | H27: =F27*E27 -> 0.13237677 | I27: =100*(E27-C27)/C27 -> -6.549536 | J27: =100*(H27-C27)/C27 -> -14.971949 | K27: =100*(G27-D27)/D27 -> -2.9458868 | L27: =G27-D27 -> -0.22659614
A28: 480 mm | B28: 1.425308 | C28: 0.183598 | D28: 8.531165 | E28: 0.17092303 | F28: 1.1635709 | G28: 8.5909163 | H28: =F28*E28 -> 0.19888107 | I28: =100*(E28-C28)/C28 -> -6.9036534 | J28: =100*(H28-C28)/C28 -> 8.3242034 | K28: =100*(G28-D28)/D28 -> 0.70038812 | L28: =G28-D28 -> 0.059751266
A29: 480 mm | B29: 1.704212 | C29: 0.197312 | D29: 9.445192 | E29: 0.18753005 | F29: 1.1743703 | G29: 9.2390224 | H29: =F29*E29 -> 0.22022972 | I29: =100*(E29-C29)/C29 -> -4.9576058 | J29: =100*(H29-C29)/C29 -> 11.614965 | K29: =100*(G29-D29)/D29 -> -2.1827993 | L29: =G29-D29 -> -0.20616958
A30: 480 mm | B30: 2.028423 | C30: 0.217176 | D30: 9.876798 | E30: 0.19237138 | F30: 1.1218146 | G30: 9.1469774 | H30: =F30*E30 -> 0.21580502 | I30: =100*(E30-C30)/C30 -> -11.421436 | J30: =100*(H30-C30)/C30 -> -0.6312766 | K30: =100*(G30-D30)/D30 -> -7.3892425 | L30: =G30-D30 -> -0.72982055
A31: 480 mm | B31: 2.330941 | C31: 0.211256 | D31: 9.155522 | E31: 0.18835072 | F31: 1.0723963 | G31: 8.5246076 | H31: =F31*E31 -> 0.20198661 | I31: =100*(E31-C31)/C31 -> -10.842429 | J31: =100*(H31-C31)/C31 -> -4.3877543 | K31: =100*(G31-D31)/D31 -> -6.8910805 | L31: =G31-D31 -> -0.63091439
A32: 480 mm | B32: 2.626576 | C32: 0.201704 | D32: 8.286257 | E32: 0.18249735 | F32: 1.0371522 | G32: 7.7475296 | H32: =F32*E32 -> 0.18927753 | I32: =100*(E32-C32)/C32 -> -9.5221954 | J32: =100*(H32-C32)/C32 -> -6.1607446 | K32: =100*(G32-D32)/D32 -> -6.5014568 | L32: =G32-D32 -> -0.53872742
A33: 480 mm | B33: 2.928845 | C33: 0.194662 | D33: 7.509999 | E33: 0.17763239 | F33: 1.0137094 | G33: 6.9546582 | H33: =F33*E33 -> 0.18006762 | I33: =100*(E33-C33)/C33 -> -8.7482953 | J33: =100*(H33-C33)/C33 -> -7.4972936 | K33: =100*(G33-D33)/D33 -> -7.394685 | L33: =G33-D33 -> -0.55534077
A34: 480 mm | B34: 3.228601 | C34: 0.192055 | D34: 6.763408 | E34: 0.17507054 | F34: 0.9995106 | G34: 6.2370868 | H34: =F34*E34 -> 0.17498486 | I34: =100*(E34-C34)/C34 -> -8.8435393 | J34: =100*(H34-C34)/C34 -> -8.8881512 | K34: =100*(G34-D34)/D34 -> -7.7818927 | L34: =G34-D34 -> -0.52632115
A35: 480 mm | B35: 3.524139 | C35: 0.195439 | D35: 6.41806 | E35: 0.17501802 | F35: 0.99120957 | G35: 5.6139286 | H35: =F35*E35 -> 0.17347954 | I35: =100*(E35-C35)/C35 -> -10.448775 | J35: =100*(H35-C35)/C35 -> -11.235969 | K35: =100*(G35-D35)/D35 -> -12.529198 | L35: =G35-D35 -> -0.80413144
A36: 480 mm | B36: 3.830085 | C36: 0.190994 | D36: 5.684891 | E36: 0.17748261 | F36: 0.98624796 | G36: 5.0547622 | H36: =F36*E36 -> 0.17504187 | I36: =100*(E36-C36)/C36 -> -7.0742464 | J36: =100*(H36-C36)/C36 -> -8.3521649 | K36: =100*(G36-D36)/D36 -> -11.084273 | L36: =G36-D36 -> -0.63012884
A38: Table 5.2: mean absolute errors
A39: LCG | B39: Points compared | C39: Savitsky drag MAE (%) | D39: Savitsky + M-factor drag MAE (%) | E39: Trim MAE (%) | F39: Mean trim offset (deg)
A40: 640 mm | B40: =COUNT(B5:B12) -> 8 | C40: =SUMPRODUCT(ABS(I5:I12))/B40 -> 4.898292 | D40: =SUMPRODUCT(ABS(J5:J12))/B40 -> 7.3059228 | E40: =SUMPRODUCT(ABS(K5:K12))/B40 -> 8.0807802 | F40: =AVERAGE(L5:L12) -> -0.40535285
A41: 560 mm | B41: =COUNT(B15:B24) -> 10 | C41: =SUMPRODUCT(ABS(I15:I24))/B41 -> 8.2674239 | D41: =SUMPRODUCT(ABS(J15:J24))/B41 -> 6.7718791 | E41: =SUMPRODUCT(ABS(K15:K24))/B41 -> 9.7170741 | F41: =AVERAGE(L15:L24) -> -0.61099812
A42: 480 mm | B42: =COUNT(B27:B36) -> 10 | C42: =SUMPRODUCT(ABS(I27:I36))/B42 -> 8.5311712 | D42: =SUMPRODUCT(ABS(J27:J36))/B42 -> 8.2064471 | E42: =SUMPRODUCT(ABS(K27:K36))/B42 -> 6.5400903 | F42: =AVERAGE(L27:L36) -> -0.4788399
