Workbook

Sheet Inputs
A1: ITTC 1957 method (Bertram, Practical Ship Hydrodynamics, Section 3.2.3): 50 m vessel from the LCG 560 mm model tests
A3: Quantity | B3: Value | C3: Unit | D3: Source
A4: Model beam, b | B4: 0.4 | C4: m
A5: Deadrise angle, β | B5: 18 | C5: deg
A6: Model planing length, Lp,m | B6: 1.6 | C6: m
A7: Model displacement weight, Δm | B7: 264.87 | C7: N
A8: Gravitational acceleration, g | B8: 9.81 | C8: m/s²
A9: Model water density, clean resistance runs (16.8 °C), ρm | B9: 998.8125 | C9: kg/m³ | D9: ITTC 7.5-02-01-03 (2011)
A10: Model water kinematic viscosity (16.8 °C), νm | B10: 1.0867e-06 | C10: m²/s | D10: ITTC 7.5-02-01-03 (2011)
A11: Vessel length, Ls | B11: 50 | C11: m
A12: Scale factor, SF = Ls / Lp,m | B12: =B11/B6 -> 31.25 | C12: – | D12: Length scales with SF
A13: Sea water density, ρs | B13: 1026 | C13: kg/m³
A14: Sea water dynamic viscosity, μs | B14: 0.00122 | C14: Pa·s
A15: Sea water kinematic viscosity, νs = μs / ρs | B15: =B14/B13 -> 1.1890838e-06 | C15: m²/s
A16: Correlation allowance, cA = 0.35×10⁻³ − 2 Ls×10⁻⁶ | B16: =0.00035-2*B11*0.000001 -> 0.00025 | C16: – | D16: Bertram Eq. 3.19
A17: Model displaced volume, ∇m = Δm / (ρm g) | B17: =B7/(B9*B8) -> 0.027032101 | C17: m³
A18: Vessel displaced volume, ∇s = SF³ ∇m | B18: =B17*B12^3 -> 824.95424 | C18: m³ | D18: Volume scales with SF³
A19: Vessel displacement, Δs = ρs g ∇s | B19: =B13*B8*B18/1000 -> 8303.2139 | C19: kN
A22: Water density, wetted-area runs (19.0 °C), for their Fr | B22: 998.4083 | C22: kg/m³ | D22: ITTC 7.5-02-01-03 (2011)

Sheet Wetted area regression
A1: Wetted-area runs, LCG 560 mm (water at 19.0 °C): regressions of wetted surface (2nd-order polynomial) and wetted keel length (linear) on Fr
A3: Run | B3: V (m/s) | C3: Fr (Fn∇, 19.0 °C) | D3: Fr² | E3: Lk (m) | F3: Lc (m) | G3: Rectangle b·Lc (m²) | H3: Triangles ½b(Lk − Lc) (m²) | I3: Plan-view area A (m²) | J3: Wetted surface S = A / cos β (m²)
A4: 1 | B4: 2.0409197 | C4: =B4/SQRT(Inputs!$B$8*(Inputs!$B$7/(Inputs!$B$22*Inputs!$B$8))^(1/3)) -> 1.1893659 | D4: =C4^2 -> 1.4145913 | E4: 1.585 | F4: 1.365 | G4: =Inputs!$B$4*F4 -> 0.546 | H4: =0.5*Inputs!$B$4*(E4-F4) -> 0.044 | I4: =G4+H4 -> 0.59 | J4: =I4/COS(RADIANS(Inputs!$B$5)) -> 0.62036271
A5: 2 | B5: 3.0688434 | C5: =B5/SQRT(Inputs!$B$8*(Inputs!$B$7/(Inputs!$B$22*Inputs!$B$8))^(1/3)) -> 1.7883985 | D5: =C5^2 -> 3.1983691 | E5: 1.42 | F5: 1.065 | G5: =Inputs!$B$4*F5 -> 0.426 | H5: =0.5*Inputs!$B$4*(E5-F5) -> 0.071 | I5: =G5+H5 -> 0.497 | J5: =I5/COS(RADIANS(Inputs!$B$5)) -> 0.52257673
A6: 3 | B6: 4.104132 | C6: =B6/SQRT(Inputs!$B$8*(Inputs!$B$7/(Inputs!$B$22*Inputs!$B$8))^(1/3)) -> 2.3917231 | D6: =C6^2 -> 5.7203392 | E6: 1.175 | F6: 0.845 | G6: =Inputs!$B$4*F6 -> 0.338 | H6: =0.5*Inputs!$B$4*(E6-F6) -> 0.066 | I6: =G6+H6 -> 0.404 | J6: =I6/COS(RADIANS(Inputs!$B$5)) -> 0.42479074
A7: 4 | B7: 5.1322832 | C7: =B7/SQRT(Inputs!$B$8*(Inputs!$B$7/(Inputs!$B$22*Inputs!$B$8))^(1/3)) -> 2.9908882 | D7: =C7^2 -> 8.9454122 | E7: 1.05 | F7: 0.73 | G7: =Inputs!$B$4*F7 -> 0.292 | H7: =0.5*Inputs!$B$4*(E7-F7) -> 0.064 | I7: =G7+H7 -> 0.356 | J7: =I7/COS(RADIANS(Inputs!$B$5)) -> 0.37432055
A9: S(Fr) = a0 + a1 Fr + a2 Fr²
A10: a0 | B10: =INDEX(LINEST($J$4:$J$7,$C$4:$D$7),1,3) -> 0.90504946
A11: a1 | B11: =INDEX(LINEST($J$4:$J$7,$C$4:$D$7),1,2) -> -0.27648906
A12: a2 | B12: =INDEX(LINEST($J$4:$J$7,$C$4:$D$7),1,1) -> 0.032855167
A13: R² | B13: =INDEX(LINEST($J$4:$J$7,$C$4:$D$7,TRUE(),TRUE()),3,1) -> 0.99701178
A15: Lk(Fr) = c0 + c1 Fr
A16: c0 | B16: =INTERCEPT($E$4:$E$7,$C$4:$C$7) -> 1.9511942
A17: c1 | B17: =SLOPE($E$4:$E$7,$C$4:$C$7) -> -0.30797382
A18: R² | B18: =RSQ($E$4:$E$7,$C$4:$C$7) -> 0.98646245

Sheet ITTC 1957 50 m vessel
A1: Run | B1: V (m/s) | C1: RTm (N) | D1: Fr (Fn∇) | E1: Sm (m²) | F1: Lk,m (m) | G1: Rn,m (keel length) | H1: cTm (Eq. 5.5) | I1: cFm (Eq. 5.6) | J1: cR (Eq. 5.8) | K1: Vs (m/s) | L1: Vs (knots) | M1: Lk,s (m) | N1: Ss (m²) | O1: Rn,s (keel length) | P1: cFs (Eq. 5.6) | Q1: cTs (Eq. 5.9) | R1: RTs = thrust (kN) (Eq. 5.10)
A2: 1 | B2: 0.38995376 | C2: 0.77439164 | D2: =B2/SQRT(Inputs!$B$8*(Inputs!$B$7/(Inputs!$B$9*Inputs!$B$8))^(1/3)) -> 0.2272647 | E2: ='Wetted area regression'!$B$10+'Wetted area regression'!$B$11*D2+'Wetted area regression'!$B$12*D2^2 -> 0.8439102 | F2: ='Wetted area regression'!$B$16+'Wetted area regression'!$B$17*D2 -> 1.8812026 | G2: =B2*F2/Inputs!$B$10 -> 675054.79 | H2: =C2/(0.5*Inputs!$B$9*B2^2*E2) -> 0.012083263 | I2: =0.075/(LOG10(G2)-2)^2 -> 0.005114623 | J2: =H2-I2 -> 0.0069686397 | K2: =B2*SQRT(Inputs!$B$12) -> 2.1799078 | L2: =K2/0.514444 -> 4.2374054 | M2: =F2*Inputs!$B$12 -> 58.787582 | N2: =E2*Inputs!$B$12^2 -> 824.13106 | O2: =K2*M2/Inputs!$B$15 -> 1.0777332e+08 | P2: =0.075/(LOG10(O2)-2)^2 -> 0.0020609383 | Q2: =J2+P2+Inputs!$B$16 -> 0.009279578 | R2: =Q2*0.5*Inputs!$B$13*K2^2*N2/1000 -> 18.643099
A3: 2 | B3: 0.90446909 | C3: 5.4316101 | D3: =B3/SQRT(Inputs!$B$8*(Inputs!$B$7/(Inputs!$B$9*Inputs!$B$8))^(1/3)) -> 0.52712376 | E3: ='Wetted area regression'!$B$10+'Wetted area regression'!$B$11*D3+'Wetted area regression'!$B$12*D3^2 -> 0.76843463 | F3: ='Wetted area regression'!$B$16+'Wetted area regression'!$B$17*D3 -> 1.7888539 | G3: =B3*F3/Inputs!$B$10 -> 1488877.4 | H3: =C3/(0.5*Inputs!$B$9*B3^2*E3) -> 0.01730136 | I3: =0.075/(LOG10(G3)-2)^2 -> 0.0043071883 | J3: =H3-I3 -> 0.012994171 | K3: =B3*SQRT(Inputs!$B$12) -> 5.0561359 | L3: =K3/0.514444 -> 9.8283504 | M3: =F3*Inputs!$B$12 -> 55.901684 | N3: =E3*Inputs!$B$12^2 -> 750.42444 | O3: =K3*M3/Inputs!$B$15 -> 2.3770108e+08 | P3: =0.075/(LOG10(O3)-2)^2 -> 0.0018448472 | Q3: =J3+P3+Inputs!$B$16 -> 0.015089019 | R3: =Q3*0.5*Inputs!$B$13*K3^2*N3/1000 -> 148.49875
A4: 3 | B4: 1.4214802 | C4: 15.961756 | D4: =B4/SQRT(Inputs!$B$8*(Inputs!$B$7/(Inputs!$B$9*Inputs!$B$8))^(1/3)) -> 0.82843735 | E4: ='Wetted area regression'!$B$10+'Wetted area regression'!$B$11*D4+'Wetted area regression'!$B$12*D4^2 -> 0.69854437 | F4: ='Wetted area regression'!$B$16+'Wetted area regression'!$B$17*D4 -> 1.6960572 | G4: =B4*F4/Inputs!$B$10 -> 2218562.3 | H4: =C4/(0.5*Inputs!$B$9*B4^2*E4) -> 0.022643892 | I4: =0.075/(LOG10(G4)-2)^2 -> 0.0039707039 | J4: =H4-I4 -> 0.018673188 | K4: =B4*SQRT(Inputs!$B$12) -> 7.9463157 | L4: =K4/0.514444 -> 15.446415 | M4: =F4*Inputs!$B$12 -> 53.001787 | N4: =E4*Inputs!$B$12^2 -> 682.17224 | O4: =K4*M4/Inputs!$B$15 -> 3.5419617e+08 | P4: =0.075/(LOG10(O4)-2)^2 -> 0.0017485536 | Q4: =J4+P4+Inputs!$B$16 -> 0.020671742 | R4: =Q4*0.5*Inputs!$B$13*K4^2*N4/1000 -> 456.79371
A5: 4 | B5: 1.9373866 | C5: 31.118066 | D5: =B5/SQRT(Inputs!$B$8*(Inputs!$B$7/(Inputs!$B$9*Inputs!$B$8))^(1/3)) -> 1.1291071 | E5: ='Wetted area regression'!$B$10+'Wetted area regression'!$B$11*D5+'Wetted area regression'!$B$12*D5^2 -> 0.63475018 | F5: ='Wetted area regression'!$B$16+'Wetted area regression'!$B$17*D5 -> 1.6034588 | G5: =B5*F5/Inputs!$B$10 -> 2858672.6 | H5: =C5/(0.5*Inputs!$B$9*B5^2*E5) -> 0.026153103 | I5: =0.075/(LOG10(G5)-2)^2 -> 0.0037769293 | J5: =H5-I5 -> 0.022376174 | K5: =B5*SQRT(Inputs!$B$12) -> 10.83032 | L5: =K5/0.514444 -> 21.052476 | M5: =F5*Inputs!$B$12 -> 50.108087 | N5: =E5*Inputs!$B$12^2 -> 619.87323 | O5: =K5*M5/Inputs!$B$15 -> 4.5639055e+08 | P5: =0.075/(LOG10(O5)-2)^2 -> 0.001691217 | Q5: =J5+P5+Inputs!$B$16 -> 0.024317391 | R5: =Q5*0.5*Inputs!$B$13*K5^2*N5/1000 -> 907.02615
A6: 5 | B6: 2.4539396 | C6: 37.853976 | D6: =B6/SQRT(Inputs!$B$8*(Inputs!$B$7/(Inputs!$B$9*Inputs!$B$8))^(1/3)) -> 1.4301538 | E6: ='Wetted area regression'!$B$10+'Wetted area regression'!$B$11*D6+'Wetted area regression'!$B$12*D6^2 -> 0.57682757 | F6: ='Wetted area regression'!$B$16+'Wetted area regression'!$B$17*D6 -> 1.5107443 | G6: =B6*F6/Inputs!$B$10 -> 3411498.4 | H6: =C6/(0.5*Inputs!$B$9*B6^2*E6) -> 0.021821458 | I6: =0.075/(LOG10(G6)-2)^2 -> 0.0036500628 | J6: =H6-I6 -> 0.018171396 | K6: =B6*SQRT(Inputs!$B$12) -> 13.71794 | L6: =K6/0.514444 -> 26.665564 | M6: =F6*Inputs!$B$12 -> 47.210759 | N6: =E6*Inputs!$B$12^2 -> 563.30817 | O6: =K6*M6/Inputs!$B$15 -> 5.4464986e+08 | P6: =0.075/(LOG10(O6)-2)^2 -> 0.0016528824 | Q6: =J6+P6+Inputs!$B$16 -> 0.020074278 | R6: =Q6*0.5*Inputs!$B$13*K6^2*N6/1000 -> 1091.6442
A7: 6 | B7: 2.9652494 | C7: 41.394955 | D7: =B7/SQRT(Inputs!$B$8*(Inputs!$B$7/(Inputs!$B$9*Inputs!$B$8))^(1/3)) -> 1.7281447 | E7: ='Wetted area regression'!$B$10+'Wetted area regression'!$B$11*D7+'Wetted area regression'!$B$12*D7^2 -> 0.5253578 | F7: ='Wetted area regression'!$B$16+'Wetted area regression'!$B$17*D7 -> 1.4189709 | G7: =B7*F7/Inputs!$B$10 -> 3871908.2 | H7: =C7/(0.5*Inputs!$B$9*B7^2*E7) -> 0.017943857 | I7: =0.075/(LOG10(G7)-2)^2 -> 0.0035631051 | J7: =H7-I7 -> 0.014380752 | K7: =B7*SQRT(Inputs!$B$12) -> 16.576248 | L7: =K7/0.514444 -> 32.221676 | M7: =F7*Inputs!$B$12 -> 44.34284 | N7: =E7*Inputs!$B$12^2 -> 513.04472 | O7: =K7*M7/Inputs!$B$15 -> 6.1815485e+08 | P7: =0.075/(LOG10(O7)-2)^2 -> 0.0016262277 | Q7: =J7+P7+Inputs!$B$16 -> 0.01625698 | R7: =Q7*0.5*Inputs!$B$13*K7^2*N7/1000 -> 1175.6686
A8: 7 | B8: 3.4831547 | C8: 45.951261 | D8: =B8/SQRT(Inputs!$B$8*(Inputs!$B$7/(Inputs!$B$9*Inputs!$B$8))^(1/3)) -> 2.0299794 | E8: ='Wetted area regression'!$B$10+'Wetted area regression'!$B$11*D8+'Wetted area regression'!$B$12*D8^2 -> 0.47917248 | F8: ='Wetted area regression'!$B$16+'Wetted area regression'!$B$17*D8 -> 1.3260137 | G8: =B8*F8/Inputs!$B$10 -> 4250217 | H8: =C8/(0.5*Inputs!$B$9*B8^2*E8) -> 0.015827272 | I8: =0.075/(LOG10(G8)-2)^2 -> 0.0035010427 | J8: =H8-I8 -> 0.01232623 | K8: =B8*SQRT(Inputs!$B$12) -> 19.471427 | L8: =K8/0.514444 -> 37.849458 | M8: =F8*Inputs!$B$12 -> 41.437928 | N8: =E8*Inputs!$B$12^2 -> 467.94187 | O8: =K8*M8/Inputs!$B$15 -> 6.7855231e+08 | P8: =0.075/(LOG10(O8)-2)^2 -> 0.0016070098 | Q8: =J8+P8+Inputs!$B$16 -> 0.014183239 | R8: =Q8*0.5*Inputs!$B$13*K8^2*N8/1000 -> 1290.8633
A9: 8 | B9: 3.999443 | C9: 47.712061 | D9: =B9/SQRT(Inputs!$B$8*(Inputs!$B$7/(Inputs!$B$9*Inputs!$B$8))^(1/3)) -> 2.3308717 | E9: ='Wetted area regression'!$B$10+'Wetted area regression'!$B$11*D9+'Wetted area regression'!$B$12*D9^2 -> 0.43908983 | F9: ='Wetted area regression'!$B$16+'Wetted area regression'!$B$17*D9 -> 1.2333467 | G9: =B9*F9/Inputs!$B$10 -> 4539155.2 | H9: =C9/(0.5*Inputs!$B$9*B9^2*E9) -> 0.013602596 | I9: =0.075/(LOG10(G9)-2)^2 -> 0.0034582266 | J9: =H9-I9 -> 0.01014437 | K9: =B9*SQRT(Inputs!$B$12) -> 22.357566 | L9: =K9/0.514444 -> 43.459669 | M9: =F9*Inputs!$B$12 -> 38.542086 | N9: =E9*Inputs!$B$12^2 -> 428.79867 | O9: =K9*M9/Inputs!$B$15 -> 7.2468164e+08 | P9: =0.075/(LOG10(O9)-2)^2 -> 0.0015936553 | Q9: =J9+P9+Inputs!$B$16 -> 0.011988025 | R9: =Q9*0.5*Inputs!$B$13*K9^2*N9/1000 -> 1318.158
A10: 9 | B10: 4.5119189 | C10: 47.786998 | D10: =B10/SQRT(Inputs!$B$8*(Inputs!$B$7/(Inputs!$B$9*Inputs!$B$8))^(1/3)) -> 2.6295422 | E10: ='Wetted area regression'!$B$10+'Wetted area regression'!$B$11*D10+'Wetted area regression'!$B$12*D10^2 -> 0.4051866 | F10: ='Wetted area regression'!$B$16+'Wetted area regression'!$B$17*D10 -> 1.141364 | G10: =B10*F10/Inputs!$B$10 -> 4738881 | H10: =C10/(0.5*Inputs!$B$9*B10^2*E10) -> 0.011600538 | I10: =0.075/(LOG10(G10)-2)^2 -> 0.0034306189 | J10: =H10-I10 -> 0.0081699191 | K10: =B10*SQRT(Inputs!$B$12) -> 25.222393 | L10: =K10/0.514444 -> 49.028453 | M10: =F10*Inputs!$B$12 -> 35.667627 | N10: =E10*Inputs!$B$12^2 -> 395.69004 | O10: =K10*M10/Inputs!$B$15 -> 7.5656811e+08 | P10: =0.075/(LOG10(O10)-2)^2 -> 0.0015850021 | Q10: =J10+P10+Inputs!$B$16 -> 0.010004921 | R10: =Q10*0.5*Inputs!$B$13*K10^2*N10/1000 -> 1291.9888
A11: 10 | B11: 5.0240338 | C11: 48.207188 | D11: =B11/SQRT(Inputs!$B$8*(Inputs!$B$7/(Inputs!$B$9*Inputs!$B$8))^(1/3)) -> 2.9280023 | E11: ='Wetted area regression'!$B$10+'Wetted area regression'!$B$11*D11+'Wetted area regression'!$B$12*D11^2 -> 0.37716269 | F11: ='Wetted area regression'!$B$16+'Wetted area regression'!$B$17*D11 -> 1.0494462 | G11: =B11*F11/Inputs!$B$10 -> 4851801.7 | H11: =C11/(0.5*Inputs!$B$9*B11^2*E11) -> 0.010139674 | I11: =0.075/(LOG10(G11)-2)^2 -> 0.0034156603 | J11: =H11-I11 -> 0.0067240141 | K11: =B11*SQRT(Inputs!$B$12) -> 28.085203 | L11: =K11/0.514444 -> 54.593313 | M11: =F11*Inputs!$B$12 -> 32.795192 | N11: =E11*Inputs!$B$12^2 -> 368.32294 | O11: =K11*M11/Inputs!$B$15 -> 7.7459604e+08 | P11: =0.075/(LOG10(O11)-2)^2 -> 0.0015802995 | Q11: =J11+P11+Inputs!$B$16 -> 0.0085543136 | R11: =Q11*0.5*Inputs!$B$13*K11^2*N11/1000 -> 1274.9302
A12: 11 | B12: 5.5409064 | C12: 48.69796 | D12: =B12/SQRT(Inputs!$B$8*(Inputs!$B$7/(Inputs!$B$9*Inputs!$B$8))^(1/3)) -> 3.2292352 | E12: ='Wetted area regression'!$B$10+'Wetted area regression'!$B$11*D12+'Wetted area regression'!$B$12*D12^2 -> 0.35481362 | F12: ='Wetted area regression'!$B$16+'Wetted area regression'!$B$17*D12 -> 0.9566743 | G12: =B12*F12/Inputs!$B$10 -> 4877926.6 | H12: =C12/(0.5*Inputs!$B$9*B12^2*E12) -> 0.0089514806 | I12: =0.075/(LOG10(G12)-2)^2 -> 0.0034122628 | J12: =H12-I12 -> 0.0055392178 | K12: =B12*SQRT(Inputs!$B$12) -> 30.974609 | L12: =K12/0.514444 -> 60.209875 | M12: =F12*Inputs!$B$12 -> 29.896072 | N12: =E12*Inputs!$B$12^2 -> 346.49768 | O12: =K12*M12/Inputs!$B$15 -> 7.787669e+08 | P12: =0.075/(LOG10(O12)-2)^2 -> 0.0015792301 | Q12: =J12+P12+Inputs!$B$16 -> 0.0073684479 | R12: =Q12*0.5*Inputs!$B$13*K12^2*N12/1000 -> 1256.624
A13: 12 | B13: 6.057018 | C13: 49.991524 | D13: =B13/SQRT(Inputs!$B$8*(Inputs!$B$7/(Inputs!$B$9*Inputs!$B$8))^(1/3)) -> 3.5300246 | E13: ='Wetted area regression'!$B$10+'Wetted area regression'!$B$11*D13+'Wetted area regression'!$B$12*D13^2 -> 0.33844693 | F13: ='Wetted area regression'!$B$16+'Wetted area regression'!$B$17*D13 -> 0.86403906 | G13: =B13*F13/Inputs!$B$10 -> 4815956.7 | H13: =C13/(0.5*Inputs!$B$9*B13^2*E13) -> 0.0080618384 | I13: =0.075/(LOG10(G13)-2)^2 -> 0.0034203601 | J13: =H13-I13 -> 0.0046414784 | K13: =B13*SQRT(Inputs!$B$12) -> 33.85976 | L13: =K13/0.514444 -> 65.818165 | M13: =F13*Inputs!$B$12 -> 27.001221 | N13: =E13*Inputs!$B$12^2 -> 330.51458 | O13: =K13*M13/Inputs!$B$15 -> 7.6887334e+08 | P13: =0.075/(LOG10(O13)-2)^2 -> 0.001581778 | Q13: =J13+P13+Inputs!$B$16 -> 0.0064732564 | R13: =Q13*0.5*Inputs!$B$13*K13^2*N13/1000 -> 1258.3416
A14: 13 | B14: 6.5690862 | C14: 51.379609 | D14: =B14/SQRT(Inputs!$B$8*(Inputs!$B$7/(Inputs!$B$9*Inputs!$B$8))^(1/3)) -> 3.8284574 | E14: ='Wetted area regression'!$B$10+'Wetted area regression'!$B$11*D14+'Wetted area regression'!$B$12*D14^2 -> 0.32808388 | F14: ='Wetted area regression'!$B$16+'Wetted area regression'!$B$17*D14 -> 0.77212955 | G14: =B14*F14/Inputs!$B$10 -> 4667512.2 | H14: =C14/(0.5*Inputs!$B$9*B14^2*E14) -> 0.00726678 | I14: =0.075/(LOG10(G14)-2)^2 -> 0.0034403103 | J14: =H14-I14 -> 0.0038264697 | K14: =B14*SQRT(Inputs!$B$12) -> 36.722308 | L14: =K14/0.514444 -> 71.382518 | M14: =F14*Inputs!$B$12 -> 24.129048 | N14: =E14*Inputs!$B$12^2 -> 320.39442 | O14: =K14*M14/Inputs!$B$15 -> 7.45174e+08 | P14: =0.075/(LOG10(O14)-2)^2 -> 0.0015880435 | Q14: =J14+P14+Inputs!$B$16 -> 0.0056645132 | R14: =Q14*0.5*Inputs!$B$13*K14^2*N14/1000 -> 1255.5235
